plate_id,subject_id,rs1799853,rs1057910,rs9923231,rs9934438,rs2108622,rs1277823
IWPC_plate01_A02,PA161846574,GG,TT,GG,GG,AG,AG
IWPC_plate01_A03,PA151958089,GG,TT,AG,AG,AG,AG
IWPC_plate01_A04,PA151958134,GG,TT,GG,GG,GG,GG
IWPC_plate01_A05,PA161846581,GG,TT,GG,GG,AG,AA
IWPC_plate01_A06,PA161846567,GG,TT,GG,GG,GG,AA
IWPC_plate01_A07,PA151958140,GG,TT,GG,GG,GG,AA
IWPC_plate01_A08,PA151958061,GG,TT,GG,GG,GG,GG
IWPC_plate01_A09,PA161846607,AG,TT,AG,AG,GG,AG
IWPC_plate01_A10,PA162360249,GG,TT,GG,GG,GG,AG
IWPC_plate01_A11,PA161846572,GG,TT,GG,GG,GG,GG
IWPC_plate01_B01,PA161846641,GG,TT,GG,GG,GG,AG
IWPC_plate01_B02,PA161846604,GG,TT,GG,GG,GG,GG
IWPC_plate01_B03,PA162360245,GG,TT,GG,GG,AG,AG
IWPC_plate01_B04,PA161846583,GG,TT,GG,GG,GG,GG
IWPC_plate01_B05,PA161846632,GG,TT,GG,GG,GG,GG
IWPC_plate01_B06,PA161846629,GG,TT,GG,GG,GG,AA
IWPC_plate01_B07,PA151958133,GG,TT,GG,GG,GG,GG
IWPC_plate01_B08,PA151958066,GG,TT,GG,GG,GG,AG
IWPC_plate01_B09,PA151958157,GG,TT,GG,GG,GG,AG
IWPC_plate01_B10,PA162360241,GG,TT,GG,GG,GG,AG
IWPC_plate01_B11,PA162360533,GG,TT,GG,GG,GG,AG
IWPC_plate01_B12,PA162361245,GG,TT,GG,GG,GG,GG
IWPC_plate01_C01,PA161846628,GG,TT,GG,GG,GG,AG
IWPC_plate01_C02,PA161846609,GG,TT,AG,AG,GG,GG
IWPC_plate01_C03,PA161925485,GG,TT,AA,AA,GG,GG
IWPC_plate01_C04,PA151958145,GG,TT,GG,GG,GG,GG
IWPC_plate01_C05,PA162360250,GG,TT,GG,GG,GG,GG
IWPC_plate01_C06,PA161846598,GG,TT,GG,GG,GG,GG
IWPC_plate01_C07,PA151958079,GG,TT,AG,AG,GG,AA
IWPC_plate01_C08,PA161846630,GG,TT,GG,GG,GG,GG
IWPC_plate01_C09,PA151958076,GG,TT,GG,GG,GG,AG
IWPC_plate01_C10,PA151958073,GG,TT,GG,GG,GG,GG
IWPC_plate01_C11,PA151958075,AG,TT,GG,GG,GG,GG
IWPC_plate01_C12,PA161846611,GG,TT,GG,GG,GG,GG
IWPC_plate01_D01,PA151958139,GG,TT,AG,AG,GG,AG
IWPC_plate01_D02,PA161846620,GG,TT,GG,GG,GG,GG
IWPC_plate01_D04,PA161846622,GG,TT,GG,GG,GG,AG
IWPC_plate01_D05,PA151958142,GG,TT,GG,GG,GG,GG
IWPC_plate01_D06,PA151958129,GG,TT,GG,GG,GG,AG
IWPC_plate01_D08,PA161846566,GG,TT,AG,AG,GG,GG
IWPC_plate01_D09,PA151958128,GG,TT,GG,GG,GG,GG
IWPC_plate01_D10,PA151958155,GG,TT,AG,AG,GG,AG
IWPC_plate01_D12,PA162361289,GG,GT,GG,GG,GG,GG
IWPC_plate01_E01,PA151958052,GG,TT,GG,GG,GG,AG
IWPC_plate01_E02,PA161846625,GG,TT,GG,GG,AG,AG
IWPC_plate01_E03,PA151958097,GG,TT,GG,GG,GG,GG
IWPC_plate01_E04,PA151958144,GG,TT,GG,GG,GG,AG
IWPC_plate01_E05,PA161846599,GG,TT,GG,GG,GG,AG
IWPC_plate01_E06,PA151958065,GG,TT,GG,GG,GG,GG
IWPC_plate01_E07,PA151958135,GG,TT,GG,GG,GG,GG
IWPC_plate01_E08,PA151958153,GG,TT,AG,AG,AG,GG
IWPC_plate01_E09,PA151958143,GG,TT,GG,GG,AG,GG
IWPC_plate01_E10,PA161846634,GG,TT,GG,GG,GG,GG
IWPC_plate01_E11,PA151378995,GG,TT,GG,GG,GG,AG
IWPC_plate01_F01,PA161846617,GG,TT,GG,GG,GG,AG
IWPC_plate01_F02,PA162360244,GG,TT,GG,GG,AG,GG
IWPC_plate01_F03,PA151958148,GG,TT,AG,AG,GG,GG
IWPC_plate01_F04,PA151958078,GG,TT,GG,GG,GG,AG
IWPC_plate01_F05,PA162360247,GG,TT,AG,AG,GG,GG
IWPC_plate01_F06,PA151958160,GG,TT,GG,GG,GG,GG
IWPC_plate01_F07,PA161846584,GG,TT,GG,GG,GG,GG
IWPC_plate01_F08,PA161846624,GG,TT,GG,GG,GG,GG
IWPC_plate01_F09,PA161846612,GG,TT,AG,AG,GG,GG
IWPC_plate01_F10,PA161846642,GG,TT,GG,GG,GG,AG
IWPC_plate01_F11,PA161846578,GG,TT,GG,GG,GG,GG
IWPC_plate01_G01,PA161846580,GG,TT,GG,GG,GG,GG
IWPC_plate01_G02,PA161846623,GG,TT,GG,GG,GG,AA
IWPC_plate01_G03,PA151958115,GG,TT,GG,GG,GG,GG
IWPC_plate01_G04,PA151958111,GG,TT,GG,GG,GG,AG
IWPC_plate01_G05,PA151958102,GG,TT,GG,GG,GG,AG
IWPC_plate01_G06,PA162360240,GG,TT,AG,AG,GG,GG
IWPC_plate01_G08,PA151958156,GG,TT,GG,GG,GG,AG
IWPC_plate01_G09,PA151958103,GG,TT,GG,GG,GG,AG
IWPC_plate01_G10,PA151958130,GG,TT,GG,GG,GG,AA
IWPC_plate01_G11,PA151958074,GG,TT,GG,GG,GG,GG
IWPC_plate01_G12,PA162361287,AG,TT,AG,AG,GG,GG
IWPC_plate01_H01,PA161846590,GG,TT,GG,GG,GG,GG
IWPC_plate01_H02,PA151958083,GG,TT,GG,GG,GG,GG
IWPC_plate01_H03,PA161846587,GG,TT,AG,AG,GG,GG
IWPC_plate01_H04,PA151958069,AG,TT,GG,GG,GG,AG
IWPC_plate01_H05,PA161846603,GG,TT,AG,AG,GG,AA
IWPC_plate01_H06,PA151958107,GG,TT,GG,GG,GG,AG
IWPC_plate01_H07,PA161846621,GG,TT,GG,GG,GG,GG
IWPC_plate01_H08,PA151958151,GG,TT,GG,GG,GG,AG
IWPC_plate01_H09,PA161846602,GG,TT,AG,AG,GG,GG
IWPC_plate01_H10,PA151958152,GG,TT,GG,GG,GG,GG
IWPC_plate02_A01,PA162361270,GG,TT,GG,GG,GG,AG
IWPC_plate02_A02,PA151958113,GG,TT,GG,GG,AG,AG
IWPC_plate02_A03,PA162364125,GG,TT,GG,GG,GG,GG
IWPC_plate02_A04,PA151958150,GG,TT,GG,GG,GG,AG
IWPC_plate02_A05,PA162361263,GG,TT,GG,GG,GG,GG
IWPC_plate02_A06,PA162361162,GG,TT,GG,GG,GG,AG
IWPC_plate02_A07,PA151958081,GG,TT,GG,GG,GG,AA
IWPC_plate02_A08,PA161846565,GG,TT,GG,GG,GG,GG
IWPC_plate02_A09,PA162361169,GG,TT,GG,GG,GG,GG
IWPC_plate02_A10,PA151540493,GG,TT,GG,GG,GG,GG
IWPC_plate02_B01,PA161846606,GG,TT,GG,GG,GG,GG
IWPC_plate02_B02,PA162361273,GG,GT,AG,AG,GG,GG
IWPC_plate02_B03,PA162361312,GG,TT,GG,GG,GG,AG
IWPC_plate02_B04,PA162361265,GG,TT,AG,AG,GG,AG
IWPC_plate02_B05,PA152241995,GG,TT,GG,GG,GG,AA
IWPC_plate02_B06,PA162361254,GG,TT,AG,AG,GG,AG
IWPC_plate02_B07,PA161846616,GG,TT,GG,GG,GG,AG
IWPC_plate02_B08,PA151958122,GG,TT,GG,GG,GG,AG
IWPC_plate02_B10,PA152242009,GG,TT,GG,GG,GG,AG
IWPC_plate02_B11,PA162361197,GG,TT,GG,GG,GG,AG
IWPC_plate02_B12,PA162361268,GG,TT,AG,AG,GG,GG
IWPC_plate02_C01,PA151958154,GG,TT,GG,GG,GG,AG
IWPC_plate02_C02,PA161846568,GG,TT,AG,AG,GG,AA
IWPC_plate02_C03,PA162361275,GG,TT,GG,GG,GG,GG
IWPC_plate02_C04,PA162361313,GG,TT,GG,GG,GG,GG
IWPC_plate02_C05,PA151958124,GG,TT,GG,GG,AG,GG
IWPC_plate02_C06,PA126718367,GG,TT,GG,GG,GG,GG
IWPC_plate02_C07,PA161846614,AG,GT,GG,GG,GG,GG
IWPC_plate02_C08,PA151540491,GG,TT,GG,GG,GG,GG
IWPC_plate02_C11,PA152241994,GG,TT,GG,GG,GG,AG
IWPC_plate02_C12,PA151540200,GG,TT,AA,AA,GG,GG
IWPC_plate02_D01,PA162361264,GG,TT,GG,GG,AG,GG
IWPC_plate02_D02,PA152240077,GG,TT,GG,GG,AG,GG
IWPC_plate02_D03,PA126718613,GG,TT,AG,AG,GG,GG
IWPC_plate02_D04,PA162361278,GG,TT,GG,GG,GG,AG
IWPC_plate02_D05,PA161846573,GG,TT,GG,GG,GG,GG
IWPC_plate02_D06,PA161846589,GG,TT,GG,GG,GG,AG
IWPC_plate02_D07,PA151958094,GG,TT,GG,GG,GG,GG
IWPC_plate02_D08,PA131885909,GG,TT,GG,GG,GG,GG
IWPC_plate02_D10,PA151958123,GG,TT,GG,GG,GG,GG
IWPC_plate02_D11,PA152241975,GG,TT,AG,AG,GG,AG
IWPC_plate02_D12,PA162361269,GG,TT,AG,AG,GG,AG
IWPC_plate02_E01,PA162360532,AG,TT,GG,GG,GG,GG
IWPC_plate02_E02,PA152242034,GG,TT,GG,GG,GG,GG
IWPC_plate02_E03,PA151378986,GG,TT,GG,GG,GG,GG
IWPC_plate02_E04,PA162361200,GG,TT,GG,GG,GG,GG
IWPC_plate02_E05,PA151540384,GG,TT,GG,GG,GG,GG
IWPC_plate02_E06,PA152242017,GG,TT,AG,AG,AG,GG
IWPC_plate02_E08,PA161846588,GG,TT,AG,AG,GG,GG
IWPC_plate02_E09,PA162361221,GG,TT,AG,AG,GG,GG
IWPC_plate02_E10,PA152240068,GG,TT,GG,GG,GG,AG
IWPC_plate02_E11,PA162361214,GG,TT,GG,GG,GG,AG
IWPC_plate02_E12,PA162361262,GG,TT,AA,AA,GG,GG
IWPC_plate02_F01,PA162361301,GG,TT,GG,GG,GG,AG
IWPC_plate02_F02,PA162361201,GG,TT,GG,GG,GG,AG
IWPC_plate02_F03,PA151958138,GG,TT,GG,GG,GG,AG
IWPC_plate02_F04,PA162361249,GG,TT,GG,GG,AG,AG
IWPC_plate02_F05,PA162361233,GG,TT,AG,AG,GG,AG
IWPC_plate02_F06,PA151958137,GG,TT,GG,GG,GG,GG
IWPC_plate02_F07,PA162361170,GG,TT,GG,GG,GG,AG
IWPC_plate02_F08,PA162361163,GG,TT,AG,AG,GG,AG
IWPC_plate02_F09,PA152240071,GG,TT,AG,AG,GG,AG
IWPC_plate02_F10,PA162361311,GG,TT,AG,AG,GG,GG
IWPC_plate02_F11,PA162361243,GG,TT,AG,AG,GG,GG
IWPC_plate02_G01,PA162360531,GG,TT,GG,GG,AG,GG
IWPC_plate02_G02,PA162361267,GG,TT,AG,AG,GG,AG
IWPC_plate02_G03,PA162361314,GG,TT,GG,GG,GG,GG
IWPC_plate02_G04,PA151540319,GG,TT,GG,GG,GG,AG
IWPC_plate02_G05,PA162361318,GG,TT,GG,GG,AG,AG
IWPC_plate02_G06,PA152240098,GG,TT,GG,GG,AG,AG
IWPC_plate02_G07,PA162361315,GG,TT,GG,GG,GG,GG
IWPC_plate02_G08,PA161846576,GG,GT,GG,GG,GG,GG
IWPC_plate02_G09,PA161846593,GG,TT,GG,GG,GG,AG
IWPC_plate02_G10,PA152241984,GG,TT,GG,GG,GG,AG
IWPC_plate02_G11,PA161846569,GG,TT,GG,GG,GG,AG
IWPC_plate02_H01,PA162361310,GG,TT,GG,GG,GG,AA
IWPC_plate02_H02,PA162360246,GG,TT,AG,AG,GG,AG
IWPC_plate02_H03,PA162361276,GG,TT,AG,AG,GG,AG
IWPC_plate02_H04,PA162360243,GG,TT,AG,AG,GG,GG
IWPC_plate02_H06,PA162361159,GG,TT,GG,GG,GG,AG
IWPC_plate02_H07,PA162360242,GG,TT,GG,GG,GG,GG
IWPC_plate02_H08,PA162361167,GG,TT,GG,GG,AG,AG
IWPC_plate02_H09,PA126718409,GG,TT,GG,GG,GG,AG
IWPC_plate02_H10,PA131885937,GG,TT,GG,GG,GG,GG
IWPC_plate03_A01,PA126718403,GG,TT,GG,GG,GG,AA
IWPC_plate03_A02,PA162361300,GG,TT,GG,GG,AG,GG
IWPC_plate03_A03,PA162361257,GG,TT,AG,AG,GG,AG
IWPC_plate03_A05,PA162361288,GG,TT,AG,AG,GG,GG
IWPC_plate03_A06,PA161846579,GG,TT,GG,GG,GG,GG
IWPC_plate03_A07,PA162361231,GG,TT,GG,GG,GG,AG
IWPC_plate03_A08,PA162361206,GG,TT,GG,GG,GG,AG
IWPC_plate03_A10,PA162361203,GG,TT,GG,GG,GG,GG
IWPC_plate03_A11,PA162361291,GG,TT,GG,GG,AG,GG
IWPC_plate03_A12,PA126718529,GG,TT,GG,GG,GG,GG
IWPC_plate03_B01,PA162361151,GG,TT,GG,GG,GG,GG
IWPC_plate03_B02,PA162361195,GG,TT,GG,GG,GG,GG
IWPC_plate03_B03,PA162361259,GG,TT,GG,GG,GG,GG
IWPC_plate03_B04,PA162361302,GG,TT,GG,GG,GG,AG
IWPC_plate03_B05,PA162361272,GG,TT,GG,GG,GG,GG
IWPC_plate03_B06,PA162361297,GG,TT,GG,GG,GG,GG
IWPC_plate03_B08,PA162361198,GG,TT,GG,GG,GG,GG
IWPC_plate03_B09,PA162361294,GG,TT,GG,GG,GG,GG
IWPC_plate03_B10,PA162361209,GG,TT,GG,GG,GG,GG
IWPC_plate03_B11,PA161846577,GG,TT,GG,GG,GG,GG
IWPC_plate03_B12,PA162361226,GG,TT,GG,GG,AG,GG
IWPC_plate03_C01,PA162361219,GG,TT,GG,GG,GG,AA
IWPC_plate03_C02,PA162361205,GG,TT,GG,GG,GG,GG
IWPC_plate03_C03,PA151958090,GG,TT,GG,GG,GG,GG
IWPC_plate03_C04,PA162361277,GG,TT,GG,GG,AG,GG
IWPC_plate03_C05,PA162361293,GG,TT,GG,GG,AG,AG
IWPC_plate03_C06,PA162361154,GG,TT,GG,GG,AA,AG
IWPC_plate03_C07,PA162361238,GG,TT,GG,GG,GG,AG
IWPC_plate03_C08,PA162361244,GG,TT,GG,GG,AG,GG
IWPC_plate03_C09,PA162361274,GG,TT,GG,GG,GG,GG
IWPC_plate03_C10,PA162361222,GG,TT,GG,GG,GG,GG
IWPC_plate03_C11,PA162361279,GG,TT,AG,AG,GG,GG
IWPC_plate03_C12,PA126718405,GG,TT,GG,GG,GG,AA
IWPC_plate03_D01,PA162361283,GG,TT,GG,GG,GG,GG
IWPC_plate03_D02,PA152240061,GG,GT,GG,GG,GG,GG
IWPC_plate03_D03,PA162361157,GG,TT,AG,AG,AG,AG
IWPC_plate03_D04,PA126718411,GG,TT,GG,GG,AG,AG
IWPC_plate03_D05,PA162361286,GG,TT,GG,GG,GG,AG
IWPC_plate03_D07,PA162361230,GG,TT,GG,GG,GG,GG
IWPC_plate03_D08,PA162361251,GG,TT,GG,GG,AG,AA
IWPC_plate03_D09,PA162361224,GG,TT,GG,GG,GG,GG
IWPC_plate03_D10,PA162361213,GG,TT,GG,GG,GG,GG
IWPC_plate03_D11,PA162361216,GG,TT,GG,GG,AG,GG
IWPC_plate03_D12,PA162361161,GG,TT,AG,AG,GG,GG
IWPC_plate03_E01,PA162361223,GG,TT,GG,GG,GG,GG
IWPC_plate03_E02,PA162361252,GG,TT,GG,GG,GG,AG
IWPC_plate03_E03,PA162361255,GG,TT,GG,GG,AG,GG
IWPC_plate03_E04,PA161846570,GG,TT,AG,AG,GG,GG
IWPC_plate03_E05,PA161846586,GG,TT,GG,GG,GG,GG
IWPC_plate03_E06,PA162361215,GG,TT,GG,GG,GG,AG
IWPC_plate03_E07,PA162361202,GG,TT,AG,AG,AG,AG
IWPC_plate03_E08,PA161846571,GG,TT,GG,GG,GG,AG
IWPC_plate03_E09,PA162361316,AG,TT,GG,GG,GG,GG
IWPC_plate03_E10,PA162364118,GG,TT,GG,GG,AG,AG
IWPC_plate03_E11,PA162361212,GG,TT,GG,GG,GG,GG
IWPC_plate03_F01,PA161846596,GG,TT,GG,GG,GG,GG
IWPC_plate03_F02,PA126718575,GG,TT,GG,GG,GG,AG
IWPC_plate03_F03,PA162361196,GG,TT,AG,AG,GG,GG
IWPC_plate03_F04,PA162361281,GG,TT,GG,GG,AG,AG
IWPC_plate03_F05,PA162361271,GG,TT,GG,GG,GG,GG
IWPC_plate03_F06,PA162361218,GG,TT,AG,AG,GG,AG
IWPC_plate03_F07,PA151958093,GG,TT,GG,GG,GG,AG
IWPC_plate03_F08,PA126718521,GG,TT,GG,GG,AG,AG
IWPC_plate03_F09,PA162361266,GG,TT,GG,GG,GG,AG
IWPC_plate03_F10,PA162361228,AG,TT,GG,GG,GG,GG
IWPC_plate03_F11,PA162361253,GG,TT,GG,GG,GG,AA
IWPC_plate03_G01,PA161846639,GG,TT,GG,GG,GG,AG
IWPC_plate03_G02,PA162361207,GG,TT,GG,GG,GG,AG
IWPC_plate03_G03,PA126718469,GG,TT,GG,GG,GG,AG
IWPC_plate03_G04,PA162361260,GG,TT,GG,GG,GG,AG
IWPC_plate03_G05,PA162361298,GG,TT,GG,GG,GG,AG
IWPC_plate03_G06,PA162361317,GG,TT,GG,GG,GG,GG
IWPC_plate03_G07,PA161846591,GG,TT,GG,GG,GG,GG
IWPC_plate03_G08,PA152242062,GG,TT,AG,AG,GG,AG
IWPC_plate03_G09,PA162361242,GG,TT,GG,GG,GG,GG
IWPC_plate03_G10,PA162361225,GG,TT,AG,AG,AG,GG
IWPC_plate03_G11,PA162361217,GG,TT,GG,GG,AG,GG
IWPC_plate03_H01,PA162361160,GG,TT,GG,GG,GG,GG
IWPC_plate03_H02,PA162361208,GG,TT,GG,GG,GG,AG
IWPC_plate03_H03,PA126718515,GG,TT,AG,AG,GG,GG
IWPC_plate03_H04,PA162361282,GG,TT,GG,GG,GG,GG
IWPC_plate03_H05,PA126718436,GG,TT,AG,AG,GG,GG
IWPC_plate03_H06,PA126719448,GG,TT,AG,AG,GG,AA
IWPC_plate03_H07,PA162361246,GG,TT,GG,GG,AG,GG
IWPC_plate03_H08,PA162361199,GG,GT,GG,GG,GG,GG
IWPC_plate03_H09,PA162361155,GG,TT,GG,GG,GG,GG
IWPC_plate03_H10,PA162361308,GG,TT,GG,GG,AG,GG
IWPC_plate03_H11,PA162361235,GG,TT,GG,GG,GG,GG
IWPC_plate04_A02,PA162361204,GG,TT,GG,GG,GG,GG
IWPC_plate04_A03,PA162364131,GG,TT,GG,GG,GG,AG
IWPC_plate04_A04,PA162364135,GG,TT,GG,GG,GG,GG
IWPC_plate04_A05,PA162364120,GG,TT,GG,GG,AA,GG
IWPC_plate04_A06,PA162364109,GG,TT,GG,GG,AG,GG
IWPC_plate04_A07,PA152241981,GG,TT,AG,AG,AG,GG
IWPC_plate04_A08,PA162361296,GG,TT,GG,GG,AG,AG
IWPC_plate04_A09,PA151540238,GG,TT,GG,GG,AG,AG
IWPC_plate04_A10,PA151540473,GG,TT,GG,GG,AG,AG
IWPC_plate04_B01,PA161846582,GG,TT,GG,GG,AG,AG
IWPC_plate04_B02,PA151958062,GG,TT,GG,GG,GG,GG
IWPC_plate04_B03,PA162364106,GG,TT,GG,GG,GG,AG
IWPC_plate04_B04,PA162364104,GG,TT,GG,GG,AG,GG
IWPC_plate04_B05,PA162364132,GG,TT,GG,GG,GG,GG
IWPC_plate04_B06,PA162364130,GG,TT,GG,GG,GG,GG
IWPC_plate04_B07,PA162361211,GG,TT,AG,AG,GG,GG
IWPC_plate04_B08,PA162361299,GG,TT,GG,GG,AA,AG
IWPC_plate04_B09,PA151540264,GG,TT,GG,GG,GG,AA
IWPC_plate04_B10,PA151540483,GG,TT,GG,GG,GG,AG
IWPC_plate04_C01,PA162361232,GG,TT,GG,GG,GG,GG
IWPC_plate04_C02,PA162361220,GG,TT,GG,GG,GG,GG
IWPC_plate04_C03,PA162364139,GG,TT,GG,GG,AG,AG
IWPC_plate04_C04,PA162364128,GG,TT,GG,GG,GG,AG
IWPC_plate04_C05,PA162364114,AG,TT,AG,AG,GG,GG
IWPC_plate04_C06,PA162364117,GG,TT,GG,GG,AG,GG
IWPC_plate04_C07,PA162361227,GG,TT,GG,GG,GG,AG
IWPC_plate04_C09,PA151540271,GG,TT,GG,GG,GG,GG
IWPC_plate04_C10,PA126718416,AG,TT,GG,GG,AG,AG
IWPC_plate04_D01,PA162361210,GG,TT,AG,AG,GG,GG
IWPC_plate04_D02,PA162364123,GG,TT,GG,GG,GG,AG
IWPC_plate04_D03,PA162364140,GG,TT,GG,GG,AG,GG
IWPC_plate04_D04,PA162364133,GG,TT,AG,AG,GG,GG
IWPC_plate04_D06,PA162361152,GG,TT,GG,GG,GG,AG
IWPC_plate04_D07,PA162361234,GG,TT,GG,GG,GG,GG
IWPC_plate04_D08,PA151540167,GG,TT,GG,GG,GG,GG
IWPC_plate04_D09,PA151540276,GG,TT,GG,GG,AG,GG
IWPC_plate04_E03,PA162364101,AG,TT,GG,GG,GG,AG
IWPC_plate04_E04,PA162364138,GG,TT,GG,GG,AG,AA
IWPC_plate04_E05,PA162364122,GG,TT,GG,GG,GG,GG
IWPC_plate04_E07,PA162361237,GG,TT,GG,GG,GG,AG
IWPC_plate04_E08,PA151540170,GG,TT,GG,GG,GG,GG
IWPC_plate04_E09,PA151540320,GG,TT,GG,GG,GG,AG
IWPC_plate04_E10,PA162361284,GG,TT,GG,GG,AG,AG
IWPC_plate04_F01,PA162361248,AG,TT,GG,GG,GG,GG
IWPC_plate04_F02,PA162364116,GG,TT,GG,GG,GG,AG
IWPC_plate04_F03,PA162364112,GG,TT,GG,GG,GG,GG
IWPC_plate04_F04,PA162364129,GG,TT,GG,GG,AG,GG
IWPC_plate04_F05,PA162364113,GG,TT,GG,GG,AG,GG
IWPC_plate04_F06,PA162361171,GG,TT,GG,GG,GG,GG
IWPC_plate04_F07,PA162361240,GG,TT,AG,AG,GG,GG
IWPC_plate04_F08,PA151540177,GG,TT,GG,GG,GG,GG
IWPC_plate04_F09,PA151540330,GG,TT,GG,GG,GG,GG
IWPC_plate04_F10,PA152242050,GG,TT,GG,GG,GG,AG
IWPC_plate04_G01,PA162364121,GG,TT,GG,GG,AG,AA
IWPC_plate04_G02,PA162364136,GG,TT,GG,GG,GG,GG
IWPC_plate04_G03,PA162364100,GG,TT,GG,GG,GG,AG
IWPC_plate04_G04,PA162364102,GG,TT,GG,GG,AG,GG
IWPC_plate04_G05,PA162364126,GG,TT,GG,GG,AG,GG
IWPC_plate04_G06,PA151378988,GG,TT,GG,GG,GG,AG
IWPC_plate04_G07,PA162361241,GG,TT,GG,GG,GG,AG
IWPC_plate04_G08,PA151540209,GG,TT,GG,GG,GG,AA
IWPC_plate04_G09,PA151540333,GG,TT,GG,GG,GG,AG
IWPC_plate04_G10,PA162361285,AG,TT,GG,GG,GG,AG
IWPC_plate04_H01,PA162361236,GG,GT,GG,GG,GG,GG
IWPC_plate04_H02,PA162364103,GG,TT,GG,GG,AG,GG
IWPC_plate04_H03,PA162364105,GG,TT,GG,GG,GG,GG
IWPC_plate04_H04,PA162364134,GG,TT,GG,GG,GG,GG
IWPC_plate04_H05,PA162364111,GG,GT,GG,GG,GG,AG
IWPC_plate04_H06,PA151540221,GG,TT,GG,GG,AA,AG
IWPC_plate04_H07,PA162361295,GG,TT,GG,GG,GG,GG
IWPC_plate04_H08,PA151540227,GG,TT,GG,GG,GG,GG
IWPC_plate04_H09,PA151540373,GG,TT,AG,AG,GG,GG
IWPC_plate06_D08,PA162360465,GG,TT,GG,GG,GG,AG
